{"cameraMode":{"drawMode":0,"name":"Shaded","section":"Shading Mode"},"sceneLighting":true,"audioPlay":false,"sceneViewState":{"showFog":true,"showMaterialUpdate":true,"showSkybox":true,"showFlares":true,"showImageEffects":true,"showParticleSystems":true},"in2DMode":false,"pivot":{"x":-10.18056869506836,"y":6.0899658203125,"z":15.300756454467774},"rotation":{"x":0.0557723194360733,"y":0.9441919326782227,"z":-0.23437616229057313,"w":0.2247381955385208},"size":5.577871799468994,"orthographic":false}