{"cameraMode":{"drawMode":0,"name":"Shaded","section":"Shading Mode"},"sceneLighting":true,"audioPlay":false,"sceneViewState":{"showFog":true,"showMaterialUpdate":true,"showSkybox":true,"showFlares":true,"showImageEffects":true,"showParticleSystems":true},"in2DMode":false,"pivot":{"x":-8.699612617492676,"y":42.02549362182617,"z":13.977737426757813},"rotation":{"x":-0.03971780464053154,"y":0.7363272905349731,"z":-0.6740995049476624,"w":-0.043354202061891559},"size":2.341447591781616,"orthographic":false}