{"cameraMode":{"drawMode":0,"name":"Shaded","section":"Shading Mode"},"sceneLighting":true,"audioPlay":false,"sceneViewState":{"showFog":true,"showMaterialUpdate":true,"showSkybox":true,"showFlares":true,"showImageEffects":true,"showParticleSystems":true},"in2DMode":false,"pivot":{"x":29.354263305664064,"y":13.925687789916993,"z":-7.332234859466553},"rotation":{"x":-0.034177783876657489,"y":-0.9651324152946472,"z":-0.16488885879516602,"w":0.20068100094795228},"size":0.24145084619522096,"orthographic":false}